,country,year,gdp,cement_co2,fossil_fuel_co2
35259,Philippines,1946,19338250240.0,0.029,0.084
35260,Philippines,1947,26976509952.0,0.065,0.132
35261,Philippines,1948,31530194944.0,0.058,0.158
35262,Philippines,1949,33523144704.0,0.098,0.22
35263,Philippines,1950,36049936384.0,0.145,3.4589999999999996
35264,Philippines,1951,39957430272.0,0.153,3.4000000000000004
35265,Philippines,1952,42409127936.0,0.153,3.8989999999999996
35266,Philippines,1953,46221742080.0,0.145,3.8880000000000003
35267,Philippines,1954,49679314944.0,0.153,5.178
35268,Philippines,1955,53157363712.0,0.196,6.42
35269,Philippines,1956,56877154304.0,0.215,6.039
35270,Philippines,1957,59939975168.0,0.251,6.478
35271,Philippines,1958,62008238080.0,0.316,7.244
35272,Philippines,1959,66250981376.0,0.36,6.867
35273,Philippines,1960,67128594432.0,0.393,7.933
35274,Philippines,1961,70879199232.0,0.505,8.208
35275,Philippines,1962,74296893440.0,0.476,9.86
35276,Philippines,1963,79496470528.0,0.469,11.003
35277,Philippines,1964,82248589312.0,0.592,12.23
35278,Philippines,1965,86595485696.0,0.756,13.208
35279,Philippines,1966,90426064896.0,0.796,15.309
35280,Philippines,1967,95250677760.0,1.043,17.166
35281,Philippines,1968,99985080320.0,1.268,20.954
35282,Philippines,1969,104606236672.0,1.457,21.372000000000003
35283,Philippines,1970,108553592832.0,1.21,23.541
35284,Philippines,1971,114467545088.0,1.541,26.011000000000003
35285,Philippines,1972,120671313920.0,1.436,24.974
35286,Philippines,1973,131496108032.0,2.006,29.495
35287,Philippines,1974,136133255168.0,1.73,28.763
35288,Philippines,1975,143695708160.0,2.108,30.374
35289,Philippines,1976,156320022528.0,2.207,32.858999999999995
35290,Philippines,1977,165102796800.0,2.044,34.632
35291,Philippines,1978,173707444224.0,2.096,35.285000000000004
35292,Philippines,1979,183436886016.0,1.893,36.138
35293,Philippines,1980,192910475264.0,2.13,34.738
35294,Philippines,1981,199457193984.0,1.93,32.599
35295,Philippines,1982,206677147648.0,2.038,32.8
35296,Philippines,1983,210595332096.0,2.036,33.202999999999996
35297,Philippines,1984,195158589440.0,1.684,29.147
35298,Philippines,1985,180907327488.0,1.408,26.490000000000002
35299,Philippines,1986,187086782464.0,1.607,27.418
35300,Philippines,1987,195165618176.0,1.495,31.000999999999998
35301,Philippines,1988,208280780800.0,1.827,35.658
35302,Philippines,1989,221233807360.0,1.603,37.303
35303,Philippines,1990,227937189888.0,2.79,38.559999999999995
35304,Philippines,1991,228447698944.0,3.021,40.449999999999996
35305,Philippines,1992,230919372800.0,2.903,45.389
35306,Philippines,1993,237660504064.0,3.455,45.474
35307,Philippines,1994,250039762944.0,4.138,49.985
35308,Philippines,1995,263686193152.0,4.547,55.403999999999996
35309,Philippines,1996,281310527488.0,5.335,55.92
35310,Philippines,1997,298146725888.0,6.279,63.783
35311,Philippines,1998,298757750784.0,5.492,62.760000000000005
35312,Philippines,1999,310266101760.0,5.331,62.845000000000006
35313,Philippines,2000,326462603264.0,5.059,67.289
35314,Philippines,2001,338531942400.0,3.623,66.68
35315,Philippines,2002,353568391168.0,5.553,64.604
35316,Philippines,2003,374041673728.0,5.359,64.857
35317,Philippines,2004,402137743360.0,5.416,67.355
35318,Philippines,2005,424650342400.0,6.221,67.051
35319,Philippines,2006,450316369920.0,4.88,61.643
35320,Philippines,2007,483816439808.0,5.155,65.60799999999999
35321,Philippines,2008,507831517184.0,5.168,72.133
35322,Philippines,2009,517597462528.0,5.67,70.821
35323,Philippines,2010,561436033024.0,6.056,76.896
35324,Philippines,2011,586460954624.0,6.114,77.629
35325,Philippines,2012,625662230528.0,7.218,81.191
35326,Philippines,2013,669825564672.0,7.715,88.07900000000001
35327,Philippines,2014,711518781440.0,8.155,93.029
35328,Philippines,2015,753489674240.0,9.206,102.94
35329,Philippines,2016,805057069056.0,8.804,112.668
35330,Philippines,2017,858818805760.0,9.952,124.94999999999999
35331,Philippines,2018,912443441152.0,10.603,130.709
35332,Philippines,2019,991316346836.3647,10.603,133.4
35333,Philippines,2020,951665480000.7831,8.804,123.899
35334,Philippines,2021,1036732961826.6799,10.335,132.256
35335,Philippines,2022,1063558311016.2849,10.335,139.925
43200,Thailand,1950,26094198784.0,0.084,0.872
43201,Thailand,1951,27943960576.0,0.153,0.9380000000000001
43202,Thailand,1952,29485821952.0,0.123,1.155
43203,Thailand,1953,32726595584.0,0.142,1.502
43204,Thailand,1954,32462198784.0,0.189,1.861
43205,Thailand,1955,35317682176.0,0.189,2.184
43206,Thailand,1956,35930312704.0,0.196,2.422
43207,Thailand,1957,36335820800.0,0.2,2.722
43208,Thailand,1958,37656809472.0,0.225,2.792
43209,Thailand,1959,42160910336.0,0.251,3.0709999999999997
43210,Thailand,1960,47266906112.0,0.262,3.448
43211,Thailand,1961,49743294464.0,0.4,3.741
43212,Thailand,1962,53581279232.0,0.476,4.550000000000001
43213,Thailand,1963,57963802624.0,0.491,5.071000000000001
43214,Thailand,1964,61933268992.0,0.523,6.947
43215,Thailand,1965,66849222656.0,0.618,6.822
43216,Thailand,1966,74363576320.0,0.734,8.731000000000002
43217,Thailand,1967,80603447296.0,0.857,11.293000000000001
43218,Thailand,1968,87150755840.0,1.17,15.905000000000001
43219,Thailand,1969,94018289664.0,1.188,13.352
43220,Thailand,1970,100145348608.0,1.297,14.055
43221,Thailand,1971,105055223808.0,1.355,17.846999999999998
43222,Thailand,1972,109423362048.0,1.622,20.137
43223,Thailand,1973,120382742528.0,1.756,22.588
43224,Thailand,1974,125775708160.0,1.83,22.273999999999997
43225,Thailand,1975,132015456256.0,1.83,22.406
43226,Thailand,1976,144055664640.0,2.024,26.531000000000002
43227,Thailand,1977,158271602688.0,2.282,29.587
43228,Thailand,1978,173964918784.0,2.238,32.504
43229,Thailand,1979,183049027584.0,2.276,34.086
43230,Thailand,1980,191441879040.0,2.275,37.442
43231,Thailand,1981,202771415040.0,2.627,34.897
43232,Thailand,1982,213618819072.0,2.727,34.585
43233,Thailand,1983,225512488960.0,2.948,38.799
43234,Thailand,1984,238519435264.0,3.288,41.827999999999996
43235,Thailand,1985,249623871488.0,3.106,44.68600000000001
43236,Thailand,1986,263410237440.0,3.049,45.719
43237,Thailand,1987,288520110080.0,3.729,49.842
43238,Thailand,1988,326878396416.0,4.281,56.21
43239,Thailand,1989,366691713024.0,5.483,65.92
43240,Thailand,1990,407627792384.0,6.468,80.095
43241,Thailand,1991,439083565056.0,5.995,89.049
43242,Thailand,1992,476583460864.0,8.232,97.28099999999999
43243,Thailand,1993,514625699840.0,12.064,109.79100000000001
43244,Thailand,1994,552247492608.0,13.357,123.335
43245,Thailand,1995,593301602304.0,15.337,138.072
43246,Thailand,1996,622895955968.0,17.355,155.96200000000002
43247,Thailand,1997,601920897024.0,19.34,161.612
43248,Thailand,1998,552405762048.0,13.279,146.198
43249,Thailand,1999,574009180160.0,16.077,150.88299999999998
43250,Thailand,2000,595846889472.0,15.299,151.767
43251,Thailand,2001,612467343360.0,17.47,154.50900000000001
43252,Thailand,2002,645971836928.0,19.739,164.651
43253,Thailand,2003,688026353664.0,17.49,173.233
43254,Thailand,2004,726679355392.0,18.26,188.618
43255,Thailand,2005,752297639936.0,20.236,193.63400000000001
43256,Thailand,2006,784687300608.0,21.226,194.20000000000002
43257,Thailand,2007,822075064320.0,22.01,201.68899999999996
43258,Thailand,2008,830943461376.0,19.441,204.435
43259,Thailand,2009,820031258624.0,18.68,209.738
43260,Thailand,2010,876003852288.0,18.486,222.138
43261,Thailand,2011,877821296640.0,18.206,225.976
43262,Thailand,2012,941351305216.0,18.746,242.603
43263,Thailand,2013,967124254720.0,18.914,244.034
43264,Thailand,2014,975956344832.0,19.722,252.024
43265,Thailand,2015,1004624871424.0,20.024,256.273
43266,Thailand,2016,1037065846784.0,23.053,260.283
43267,Thailand,2017,1079232954368.0,22.388,260.259
43268,Thailand,2018,1124031922176.0,22.466,265.267
43269,Thailand,2019,1206595142882.3135,22.304,258.97499999999997
43270,Thailand,2020,1110064666786.4778,21.926,249.319
43271,Thailand,2021,1121400934282.0232,21.151,245.569
43272,Thailand,2022,1098898920508.6943,21.151,249.187
47021,Vietnam,1950,26590203904.0,0.073,1.406
47022,Vietnam,1951,27805476864.0,0.105,1.1800000000000002
47023,Vietnam,1952,29029003264.0,0.113,1.751
47024,Vietnam,1953,30331846656.0,0.145,1.605
47025,Vietnam,1954,31754100736.0,0.127,2.543
47026,Vietnam,1955,33146984448.0,0.149,3.3739999999999997
47027,Vietnam,1956,34502635520.0,0.098,2.811
47028,Vietnam,1957,35813199872.0,0.08,2.7960000000000003
47029,Vietnam,1958,37248765952.0,0.149,4.866
47030,Vietnam,1959,38721822720.0,0.189,6.415
47031,Vietnam,1960,40330104832.0,0.2,7.284
47032,Vietnam,1961,42315554816.0,0.225,7.753
47033,Vietnam,1962,47686352896.0,0.229,9.109
47034,Vietnam,1963,49115045888.0,0.243,8.866
47035,Vietnam,1964,51513348096.0,0.356,11.431000000000001
47036,Vietnam,1965,52087201792.0,0.469,12.681000000000001
47037,Vietnam,1966,52540121088.0,0.436,18.745
47038,Vietnam,1967,45975453696.0,0.462,22.5
47039,Vietnam,1968,45129842688.0,0.316,23.285
47040,Vietnam,1969,48936554496.0,0.367,26.689
47041,Vietnam,1970,49899864064.0,0.389,27.784
47042,Vietnam,1971,52424466432.0,0.376,24.128
47043,Vietnam,1972,57069109248.0,0.245,22.79
47044,Vietnam,1973,60966748160.0,0.373,24.695
47045,Vietnam,1974,58534064128.0,0.339,18.72
47046,Vietnam,1975,54421135360.0,0.337,21.433999999999997
47047,Vietnam,1976,63562190848.0,0.357,13.542
47048,Vietnam,1977,65895690240.0,0.404,14.843
47049,Vietnam,1978,66386604032.0,0.402,14.986
47050,Vietnam,1979,66730921984.0,0.344,15.905000000000001
47051,Vietnam,1980,64834248704.0,0.301,16.488
47052,Vietnam,1981,67145973760.0,0.255,17.44
47053,Vietnam,1982,72591843328.0,0.373,17.968
47054,Vietnam,1983,76562653184.0,0.429,18.84
47055,Vietnam,1984,83442098176.0,0.505,16.99
47056,Vietnam,1985,88396906496.0,0.594,20.503
47057,Vietnam,1986,90992386048.0,0.696,19.889000000000003
47058,Vietnam,1987,94239735808.0,0.756,22.541
47059,Vietnam,1988,99912859648.0,0.884,21.965
47060,Vietnam,1989,104599150592.0,0.895,15.931000000000001
47061,Vietnam,1990,109939941376.0,1.117,20.181
47062,Vietnam,1991,115914735616.0,1.334,20.041999999999998
47063,Vietnam,1992,125496475648.0,1.769,19.698
47064,Vietnam,1993,135124664320.0,1.847,21.006
47065,Vietnam,1994,146504138752.0,2.056,24.112000000000002
47066,Vietnam,1995,159950176256.0,2.536,26.160999999999998
47067,Vietnam,1996,174167982080.0,2.85,31.356999999999996
47068,Vietnam,1997,187681374208.0,3.451,41.066
47069,Vietnam,1998,197797871616.0,4.168,42.624
47070,Vietnam,1999,206474854400.0,4.464,42.425
47071,Vietnam,2000,219648868352.0,5.628,46.97200000000001
47072,Vietnam,2001,233951166464.0,6.574,53.081
47073,Vietnam,2002,249609535488.0,8.274,60.226
47074,Vietnam,2003,266926604288.0,9.366,66.681
47075,Vietnam,2004,286642536448.0,10.301,77.443
47076,Vietnam,2005,307221168128.0,11.983,82.71100000000001
47077,Vietnam,2006,327378436096.0,12.258,86.36800000000001
47078,Vietnam,2007,349424484352.0,14.063,86.29899999999999
47079,Vietnam,2008,367900196864.0,15.363,97.964
47080,Vietnam,2009,386341339136.0,19.239,104.204
47081,Vietnam,2010,409655377920.0,23.77,114.815
47082,Vietnam,2011,433527848960.0,28.223,123.00399999999999
47083,Vietnam,2012,456298921984.0,28.118,114.47200000000001
47084,Vietnam,2013,481060683776.0,30.316,119.168
47085,Vietnam,2014,509802446848.0,32.694,147.242
47086,Vietnam,2015,543931138048.0,34.298,179.346
47087,Vietnam,2016,577683456000.0,36.822,184.816
47088,Vietnam,2017,617774710784.0,42.735,185.175
47089,Vietnam,2018,661488402432.0,49.637,206.71099999999998
47090,Vietnam,2019,713234853249.6611,56.538,283.798
47091,Vietnam,2020,739366337427.356,60.066,302.02
47092,Vietnam,2021,781008371456.0714,62.071,289.488
47093,Vietnam,2022,872016714813.7202,58.552,283.945
26406,Malaysia,1947,9859344384.0,0.0,0.6859999999999999
26407,Malaysia,1948,11186658304.0,0.0,1.19
26408,Malaysia,1949,14788840448.0,0.0,1.22
26409,Malaysia,1950,15987990528.0,0.0,3.655
26410,Malaysia,1951,15105320960.0,0.0,5.221
26411,Malaysia,1952,15824946176.0,0.0,6.369999999999999
26412,Malaysia,1953,15901922304.0,0.015,6.484000000000001
26413,Malaysia,1954,16904214528.0,0.045,6.9590000000000005
26414,Malaysia,1955,17014372352.0,0.056,7.372999999999999
26415,Malaysia,1956,18039670784.0,0.052,7.510999999999999
26416,Malaysia,1957,17947285504.0,0.054,3.4589999999999996
26417,Malaysia,1958,17939273728.0,0.054,3.777
26418,Malaysia,1959,19161571328.0,0.094,3.0890000000000004
26419,Malaysia,1960,20557094912.0,0.142,4.0600000000000005
26420,Malaysia,1961,21987710976.0,0.164,4.522
26421,Malaysia,1962,23236757504.0,0.16,4.617
26422,Malaysia,1963,24334878720.0,0.178,5.6499999999999995
26423,Malaysia,1964,25880614912.0,0.229,7.171
26424,Malaysia,1965,27746652160.0,0.367,8.013
26425,Malaysia,1966,29125220352.0,0.422,9.413
26426,Malaysia,1967,29621778432.0,0.411,9.716999999999999
26427,Malaysia,1968,32227313664.0,0.462,10.068999999999999
26428,Malaysia,1969,34076721152.0,0.48,8.658999999999999
26429,Malaysia,1970,36156456960.0,0.509,13.865
26430,Malaysia,1971,38820380672.0,0.545,15.300999999999998
26431,Malaysia,1972,41749893120.0,0.581,16.176
26432,Malaysia,1973,47796125696.0,0.643,15.718
26433,Malaysia,1974,51361124352.0,0.692,15.966999999999999
26434,Malaysia,1975,51780284416.0,0.737,15.831999999999999
26435,Malaysia,1976,58225278976.0,0.892,19.583999999999996
26436,Malaysia,1977,62980902912.0,0.915,18.573
26437,Malaysia,1978,68504293376.0,1.137,19.394000000000002
26438,Malaysia,1979,74075578368.0,1.178,22.548000000000002
26439,Malaysia,1980,80232407040.0,1.227,23.374999999999996
26440,Malaysia,1981,85915672576.0,1.489,26.667
26441,Malaysia,1982,91022696448.0,1.652,25.85
26442,Malaysia,1983,96580485120.0,1.716,32.269
26443,Malaysia,1984,104084234240.0,1.855,28.432
26444,Malaysia,1985,103003217920.0,1.679,32.526
26445,Malaysia,1986,104308424704.0,1.927,35.567
26446,Malaysia,1987,109808533504.0,1.801,37.036
26447,Malaysia,1988,119529209856.0,2.06,38.05
26448,Malaysia,1989,130700369920.0,2.631,44.042
26449,Malaysia,1990,143192113152.0,3.244,47.962
26450,Malaysia,1991,157980852224.0,3.384,59.14
26451,Malaysia,1992,173287833600.0,3.275,66.509
26452,Malaysia,1993,191825428480.0,3.425,77.703
26453,Malaysia,1994,211032850432.0,4.007,81.41
26454,Malaysia,1995,233476947968.0,4.285,104.226
26455,Malaysia,1996,258686615552.0,4.789,103.031
26456,Malaysia,1997,279679762432.0,5.207,111.059
26457,Malaysia,1998,260986650624.0,5.325,101.925
26458,Malaysia,1999,279023157248.0,5.48,95.99000000000001
26459,Malaysia,2000,305415979008.0,6.588,113.69800000000001
26460,Malaysia,2001,309255241728.0,6.327,121.993
26461,Malaysia,2002,328308785152.0,7.146,122.275
26462,Malaysia,2003,349844013056.0,7.731,142.317
26463,Malaysia,2004,376296144896.0,7.775,158.55200000000002
26464,Malaysia,2005,397908672512.0,7.616,158.989
26465,Malaysia,2006,423206289408.0,8.136,158.497
26466,Malaysia,2007,453156765696.0,7.872,164.199
26467,Malaysia,2008,478516183040.0,8.416,180.88099999999997
26468,Malaysia,2009,474711556096.0,7.93,180.64600000000002
26469,Malaysia,2010,514171994112.0,7.059,189.51999999999998
26470,Malaysia,2011,545368309760.0,7.766,192.08100000000002
26471,Malaysia,2012,575191121920.0,8.111,200.43599999999998
26472,Malaysia,2013,602189201408.0,8.793,227.476
26473,Malaysia,2014,638408589312.0,9.468,229.14600000000002
26474,Malaysia,2015,670135287808.0,8.673,219.71800000000002
26475,Malaysia,2016,698530070528.0,9.126,221.862
26476,Malaysia,2017,738639609856.0,8.776,229.91199999999998
26477,Malaysia,2018,773658509312.0,9.064,249.08599999999998
26478,Malaysia,2019,787434878914.3333,9.121,254.476
26479,Malaysia,2020,727658721524.3486,11.292,253.40200000000004
26480,Malaysia,2021,806097074861.6663,11.308,263.647
26481,Malaysia,2022,877675700640.0844,11.247,276.799
20237,Indonesia,1949,94018076672.0,0.0,21.903
20238,Indonesia,1950,105742753792.0,0.0,9.831000000000001
20239,Indonesia,1951,113595809792.0,0.051,9.34
20240,Indonesia,1952,119008854016.0,0.069,12.651000000000002
20241,Indonesia,1953,125027606528.0,0.073,13.007000000000001
20242,Indonesia,1954,132648517632.0,0.073,14.674
20243,Indonesia,1955,136433229824.0,0.073,20.771
20244,Indonesia,1956,138179182592.0,0.073,21.739
20245,Indonesia,1957,147685294080.0,0.124,22.288999999999998
20246,Indonesia,1958,142311981056.0,0.149,22.057
20247,Indonesia,1959,148373766144.0,0.171,23.692000000000004
20248,Indonesia,1960,154784595968.0,0.193,21.192999999999998
20249,Indonesia,1961,164961484800.0,0.222,25.78
20250,Indonesia,1962,164672684032.0,0.251,22.724999999999998
20251,Indonesia,1963,158306828288.0,0.164,22.599000000000004
20252,Indonesia,1964,164270391296.0,0.218,22.156
20253,Indonesia,1965,165966266368.0,0.182,24.487000000000002
20254,Indonesia,1966,165937627136.0,0.167,23.208
20255,Indonesia,1967,162199044096.0,0.174,24.366
20256,Indonesia,1968,177944035328.0,0.204,27.359
20257,Indonesia,1969,199907966976.0,0.265,33.097
20258,Indonesia,1970,220830580736.0,0.273,31.945999999999998
20259,Indonesia,1971,233065676800.0,0.241,34.839999999999996
20260,Indonesia,1972,259469197312.0,0.298,37.084
20261,Indonesia,1973,297900736512.0,0.367,42.212999999999994
20262,Indonesia,1974,313092767744.0,0.421,43.071
20263,Indonesia,1975,313087918080.0,0.548,46.409
20264,Indonesia,1976,340620640256.0,0.926,51.904
20265,Indonesia,1977,367091482624.0,1.372,63.494
20266,Indonesia,1978,383794642944.0,1.92,71.045
20267,Indonesia,1979,404845723648.0,2.46,71.445
20268,Indonesia,1980,439667523584.0,3.068,79.006
20269,Indonesia,1981,469898592256.0,3.652,84.52799999999999
20270,Indonesia,1982,452605706240.0,4.0,91.464
20271,Indonesia,1983,470680076288.0,4.391,92.574
20272,Indonesia,1984,503305928704.0,4.783,100.463
20273,Indonesia,1985,515643146240.0,5.474,109.27100000000002
20274,Indonesia,1986,545914224640.0,5.977,109.194
20275,Indonesia,1987,572867018752.0,6.51,110.25399999999999
20276,Indonesia,1988,605642424320.0,6.768,117.531
20277,Indonesia,1989,660041564160.0,7.838,115.98400000000001
20278,Indonesia,1990,718548893696.0,7.719,138.282
20279,Indonesia,1991,786439995392.0,9.087,154.716
20280,Indonesia,1992,841780428800.0,9.777,177.832
20281,Indonesia,1993,912702636032.0,10.775,191.733
20282,Indonesia,1994,986200276992.0,12.538,195.891
20283,Indonesia,1995,1072204283904.0,13.312,199.464
20284,Indonesia,1996,1161281404928.0,14.266,227.861
20285,Indonesia,1997,1221454462976.0,16.01,251.98000000000002
20286,Indonesia,1998,1066065592320.0,13.077,221.141
20287,Indonesia,1999,1079382573056.0,14.082,268.92
20288,Indonesia,2000,1138300026880.0,16.446,256.314
20289,Indonesia,2001,1185220919296.0,18.462,289.862
20290,Indonesia,2002,1244249980928.0,18.137,283.272
20291,Indonesia,2003,1309811277824.0,17.811,314.599
20292,Indonesia,2004,1381839929344.0,19.047,317.997
20293,Indonesia,2005,1467344879616.0,18.527,323.427
20294,Indonesia,2006,1555183173632.0,19.047,321.566
20295,Indonesia,2007,1661589520384.0,19.567,363.369
20296,Indonesia,2008,1793465253888.0,20.542,340.461
20297,Indonesia,2009,1886334484480.0,19.437,374.075
20298,Indonesia,2010,2015864815616.0,19.461,422.071
20299,Indonesia,2011,2150142705664.0,21.1,474.163
20300,Indonesia,2012,2279736344576.0,23.294,486.01
20301,Indonesia,2013,2406465929216.0,24.775,458.37999999999994
20302,Indonesia,2014,2526852677632.0,25.534,456.593
20303,Indonesia,2015,2650203488256.0,24.558,509.131
20304,Indonesia,2016,2783164760064.0,28.71,506.286
20305,Indonesia,2017,2924271370240.0,28.966,523.592
20306,Indonesia,2018,3075456106496.0,30.832,559.323
20307,Indonesia,2019,3302155363731.311,30.156,616.966
20308,Indonesia,2020,3124979028978.941,26.297,576.163
20309,Indonesia,2021,3501050670330.04,27.262,585.5120000000001
20310,Indonesia,2022,3892301285731.6494,26.843,698.878
7606,Cambodia,1955,4170306304.0,0.0,0.103
7607,Cambodia,1956,4727680512.0,0.0,0.132
7608,Cambodia,1957,5040441344.0,0.0,0.161
7609,Cambodia,1958,5295509504.0,0.0,0.198
7610,Cambodia,1959,5813117440.0,0.0,0.213
7611,Cambodia,1960,6164508672.0,0.0,0.234
7612,Cambodia,1961,6102990848.0,0.0,0.286
7613,Cambodia,1962,6594642944.0,0.0,0.308
7614,Cambodia,1963,7098278400.0,0.0,0.388
7615,Cambodia,1964,6902566912.0,0.004,0.33799999999999997
7616,Cambodia,1965,7229629952.0,0.025,0.377
7617,Cambodia,1966,7566807040.0,0.029,0.44000000000000006
7618,Cambodia,1967,7955878912.0,0.029,0.38899999999999996
7619,Cambodia,1968,8314689536.0,0.029,0.46099999999999997
7620,Cambodia,1969,8435318784.0,0.029,1.315
7621,Cambodia,1970,7624957440.0,0.018,1.154
7622,Cambodia,1971,7240544768.0,0.029,0.22
7623,Cambodia,1972,6856060928.0,0.026,0.092
7624,Cambodia,1973,9336698880.0,0.041,0.088
7625,Cambodia,1974,7983137792.0,0.026,0.048
7626,Cambodia,1975,6929422848.0,0.026,0.048
7627,Cambodia,1976,7407833088.0,0.026,0.048
7628,Cambodia,1977,7991254528.0,0.027,0.048
7629,Cambodia,1978,8736406528.0,0.004,0.048
7630,Cambodia,1979,8922070016.0,0.0,0.029
7631,Cambodia,1980,9092188160.0,0.0,0.286
7632,Cambodia,1981,9211223040.0,0.0,0.3
7633,Cambodia,1982,9905037312.0,0.0,0.337
7634,Cambodia,1983,10619108352.0,0.0,0.366
7635,Cambodia,1984,11330466816.0,0.0,0.41
7636,Cambodia,1985,12046064640.0,0.0,0.418
7637,Cambodia,1986,12748870656.0,0.0,0.432
7638,Cambodia,1987,12486216704.0,0.0,0.436
7639,Cambodia,1988,12803095552.0,0.0,0.451
7640,Cambodia,1989,13115360256.0,0.0,0.451
7645,Cambodia,1994,15506534400.0,0.057,1.425
7646,Cambodia,1995,16129537024.0,0.057,1.499
7647,Cambodia,1996,16617856000.0,0.114,1.517
7648,Cambodia,1997,17146214400.0,0.086,1.466
7649,Cambodia,1998,17590364160.0,0.087,1.876
7650,Cambodia,1999,19232620544.0,0.0,1.894
7651,Cambodia,2000,20441458688.0,0.0,1.975
7652,Cambodia,2001,21596243968.0,0.0,2.25
7653,Cambodia,2002,22487644160.0,0.0,2.206
7654,Cambodia,2003,23847374848.0,0.0,2.378
7655,Cambodia,2004,25709400064.0,0.0,2.444
7656,Cambodia,2005,28450983936.0,0.0,2.774
7657,Cambodia,2006,30787633152.0,0.0,2.997
7658,Cambodia,2007,33155622912.0,0.053,3.419
7659,Cambodia,2008,34556530688.0,0.371,3.495
7660,Cambodia,2009,34483417088.0,0.347,4.209
7661,Cambodia,2010,34988625920.0,0.37,4.708
7662,Cambodia,2011,36605583360.0,0.431,4.844
7663,Cambodia,2012,39288827904.0,0.487,5.0889999999999995
7664,Cambodia,2013,42198171648.0,0.507,5.13
7665,Cambodia,2014,45181947904.0,0.51,6.324000000000001
7666,Cambodia,2015,48358453248.0,0.653,7.712999999999999
7667,Cambodia,2016,51749834752.0,1.421,9.501000000000001
7668,Cambodia,2017,55370772480.0,2.301,10.175
7669,Cambodia,2018,59541852160.0,3.316,10.618
7670,Cambodia,2019,65642545655.65597,5.007,13.213000000000001
7671,Cambodia,2020,62694520430.08649,5.346,13.687999999999999
7672,Cambodia,2021,65331581310.42695,5.887,14.219000000000001
7673,Cambodia,2022,71495596737.7148,5.887,14.068000000000001
27716,Mexico,1946,76266209280.0,0.363,25.259
27717,Mexico,1947,79008686080.0,0.494,28.858
27718,Mexico,1948,82416173056.0,0.534,29.975
27719,Mexico,1949,87151427584.0,0.607,28.352999999999998
27720,Mexico,1950,99982983168.0,0.756,27.073
27721,Mexico,1951,107605073920.0,0.8,30.412000000000003
27722,Mexico,1952,111714836480.0,0.821,32.606
27723,Mexico,1953,111774670848.0,0.825,32.217
27724,Mexico,1954,123074543616.0,0.865,31.657
27725,Mexico,1955,133695447040.0,0.996,33.859
27726,Mexico,1956,143014019072.0,1.127,36.471999999999994
27727,Mexico,1957,154173456384.0,1.265,41.956999999999994
27728,Mexico,1958,162674933760.0,1.254,45.375
27729,Mexico,1959,167866105856.0,1.337,48.120000000000005
27730,Mexico,1960,182206283776.0,1.526,52.839
27731,Mexico,1961,191492751360.0,1.501,56.583
27732,Mexico,1962,200713961472.0,1.657,57.793000000000006
27733,Mexico,1963,217178570752.0,1.861,58.511
27734,Mexico,1964,243167756288.0,2.184,64.13900000000001
27735,Mexico,1965,258981937152.0,2.126,67.132
27736,Mexico,1966,276900085760.0,2.435,71.74799999999999
27737,Mexico,1967,294308773888.0,2.766,81.436
27738,Mexico,1968,318504927232.0,3.027,85.053
27739,Mexico,1969,338814337024.0,3.354,92.703
27740,Mexico,1970,362723672064.0,3.551,100.785
27741,Mexico,1971,376060510208.0,3.619,112.448
27742,Mexico,1972,406222045184.0,4.207,119.6
27743,Mexico,1973,437262843904.0,4.76,132.102
27744,Mexico,1974,461217267712.0,5.126,139.558
27745,Mexico,1975,486091816960.0,5.587,148.095
27746,Mexico,1976,505910525952.0,6.021,166.273
27747,Mexico,1977,521365323776.0,6.296,178.986
27748,Mexico,1978,567422156800.0,6.655,204.873
27749,Mexico,1979,621948436480.0,7.144,224.64400000000003
27750,Mexico,1980,678622134272.0,7.604,250.25400000000002
27751,Mexico,1981,737336098816.0,8.369,263.471
27752,Mexico,1982,733602840576.0,8.931,277.757
27753,Mexico,1983,708391993344.0,7.855,258.235
27754,Mexico,1984,734058512384.0,8.436,260.92
27755,Mexico,1985,751167275008.0,9.412,271.697
27756,Mexico,1986,728181047296.0,8.936,280.413
27757,Mexico,1987,741613764608.0,10.052,291.55899999999997
27758,Mexico,1988,751820210176.0,10.069,293.029
27759,Mexico,1989,782981332992.0,10.121,311.285
27760,Mexico,1990,823577542656.0,10.736,304.46000000000004
27761,Mexico,1991,865148665856.0,10.955,317.31000000000006
27762,Mexico,1992,902108282880.0,11.751,319.13800000000003
27763,Mexico,1993,925343285248.0,12.389,323.06600000000003
27764,Mexico,1994,972991954944.0,13.836,335.201
27765,Mexico,1995,916478951424.0,11.033,316.43
27766,Mexico,1996,971219795968.0,12.272,324.784
27767,Mexico,1997,1045710700544.0,12.907,343.548
27768,Mexico,1998,1105636622336.0,13.412,361.629
27769,Mexico,1999,1156619567104.0,13.901,367.209
27770,Mexico,2000,1241194692608.0,14.567,371.776
27771,Mexico,2001,1251502718976.0,14.059,389.102
27772,Mexico,2002,1275458093056.0,14.548,392.231
27773,Mexico,2003,1306677477376.0,14.65,417.55600000000004
27774,Mexico,2004,1373060333568.0,15.346,420.265
27775,Mexico,2005,1427076808704.0,16.674,443.447
27776,Mexico,2006,1510627082240.0,17.818,452.91400000000004
27777,Mexico,2007,1572355440640.0,18.973,449.76300000000003
27778,Mexico,2008,1607400947712.0,18.638,447.748
27779,Mexico,2009,1543872708608.0,17.863,436.98699999999997
27780,Mexico,2010,1637760630784.0,17.046,434.85499999999996
27781,Mexico,2011,1716060815360.0,17.771,459.26
27782,Mexico,2012,1785373786112.0,18.411,475.10800000000006
27783,Mexico,2013,1810561761280.0,17.437,469.94899999999996
27784,Mexico,2014,1851266170880.0,18.259,456.722
27785,Mexico,2015,1899585208320.0,19.16,450.96500000000003
27786,Mexico,2016,1923887267840.0,20.599,450.668
27787,Mexico,2017,1964635193344.0,20.877,437.621
27788,Mexico,2018,2006599729152.0,20.864,442.06100000000004
27789,Mexico,2019,2084723893422.232,19.498,440.394
27790,Mexico,2020,1790080790444.8323,20.65,410.79699999999997
27791,Mexico,2021,2096455596805.7266,22.259,434.29600000000005
27792,Mexico,2022,2341305412813.7964,21.534,479.783
6460,Brazil,1946,91503345664.0,0.407,7.053
6461,Brazil,1947,94744731648.0,0.451,8.497
6462,Brazil,1948,103940636672.0,0.549,7.2989999999999995
6463,Brazil,1949,111894872064.0,0.632,6.734999999999999
6464,Brazil,1950,119498719232.0,0.687,18.966
6465,Brazil,1951,125334814720.0,0.72,20.925
6466,Brazil,1952,134544285696.0,0.799,24.12
6467,Brazil,1953,140888047616.0,1.003,24.164
6468,Brazil,1954,151832707072.0,1.236,28.316
6469,Brazil,1955,165244239872.0,1.37,32.533
6470,Brazil,1956,170024681472.0,1.617,34.826
6471,Brazil,1957,183084417024.0,1.679,34.116
6472,Brazil,1958,202937303040.0,1.872,36.871
6473,Brazil,1959,222726635520.0,1.897,36.672999999999995
6474,Brazil,1960,243618971648.0,2.21,44.097
6475,Brazil,1961,264690958336.0,2.321,46.265
6476,Brazil,1962,282182189056.0,2.489,50.604
6477,Brazil,1963,283741028352.0,2.534,52.49399999999999
6478,Brazil,1964,293385666560.0,2.74,53.330000000000005
6479,Brazil,1965,300547047424.0,2.726,52.904
6480,Brazil,1966,320583729152.0,2.922,60.467
6481,Brazil,1967,334149091328.0,3.085,62.104
6482,Brazil,1968,366804795392.0,3.493,72.74199999999999
6483,Brazil,1969,401601724416.0,3.741,79.07199999999999
6484,Brazil,1970,443496726528.0,4.288,87.31299999999999
6485,Brazil,1971,493683376128.0,4.669,96.28599999999999
6486,Brazil,1972,552789540864.0,5.422,107.37400000000001
6487,Brazil,1973,629980135424.0,6.382,124.752
6488,Brazil,1974,681263693824.0,7.107,135.06900000000002
6489,Brazil,1975,716641599488.0,7.973,141.548
6490,Brazil,1976,790037659648.0,9.121,144.644
6491,Brazil,1977,828975480832.0,10.062,151.48000000000002
6492,Brazil,1978,870261981184.0,11.438,164.661
6493,Brazil,1979,929101316096.0,12.014,174.619
6494,Brazil,1980,1014791995392.0,12.803,172.08
6495,Brazil,1981,971272355840.0,12.64,156.93599999999998
6496,Brazil,1982,978935414784.0,12.244,157.128
6497,Brazil,1983,950507864064.0,9.803,153.04399999999998
6498,Brazil,1984,1001891168256.0,8.737,155.22899999999998
6499,Brazil,1985,1080097308672.0,9.281,167.382
6500,Brazil,1986,1160963031040.0,11.122,183.486
6501,Brazil,1987,1201712791552.0,11.299,192.41400000000002
6502,Brazil,1988,1200534847488.0,11.125,194.269
6503,Brazil,1989,1238775496704.0,11.141,198.81600000000003
6504,Brazil,1990,1185475198976.0,11.062,196.354
6505,Brazil,1991,1212665823232.0,11.776,206.502
6506,Brazil,1992,1220990205952.0,9.77,212.43800000000002
6507,Brazil,1993,1296907370496.0,10.164,222.32500000000002
6508,Brazil,1994,1389944766464.0,10.086,231.81400000000002
6509,Brazil,1995,1466460143616.0,11.528,245.532
6510,Brazil,1996,1517464190976.0,13.884,263.357
6511,Brazil,1997,1588456587264.0,15.267,278.74
6512,Brazil,1998,1613655572480.0,16.175,287.58
6513,Brazil,1999,1641348464640.0,16.439,296.342
6514,Brazil,2000,1734491242496.0,16.047,308.39
6515,Brazil,2001,1780379287552.0,15.227,314.40799999999996
6516,Brazil,2002,1857599307776.0,14.39,317.201
6517,Brazil,2003,1902060896256.0,13.096,315.286
6518,Brazil,2004,2036566851584.0,13.273,331.81600000000003
6519,Brazil,2005,2127880912896.0,14.349,330.788
6520,Brazil,2006,2239747850240.0,15.44,335.14
6521,Brazil,2007,2405103566848.0,17.2,354.23799999999994
6522,Brazil,2008,2559006998528.0,18.884,373.85699999999997
6523,Brazil,2009,2587477671936.0,19.031,347.25
6524,Brazil,2010,2816706084864.0,21.288,397.81699999999995
6525,Brazil,2011,2965069889536.0,22.845,419.278
6526,Brazil,2012,3022025654272.0,24.998,452.147
6527,Brazil,2013,3112905998336.0,26.652,482.646
6528,Brazil,2014,3128572510208.0,26.908,507.073
6529,Brazil,2015,3270706200576.0,25.082,480.27599999999995
6530,Brazil,2016,2889037381632.0,22.415,446.43600000000004
6531,Brazil,2017,2926999240704.0,20.217,453.00700000000006
6532,Brazil,2018,2965401501696.0,20.494,433.60800000000006
6533,Brazil,2019,2897883783292.6357,21.048,428.519
6534,Brazil,2020,2283464549574.022,23.366,397.24199999999996
6535,Brazil,2021,2551884547639.3657,24.488,448.82099999999997
6536,Brazil,2022,2970292774487.842,23.619,435.962
20061,India,1946,411463188480.0,1.005,51.220000000000006
20062,India,1947,340810006528.0,0.75,52.43
20063,India,1948,344050008064.0,0.806,52.397
20064,India,1949,353225015296.0,1.088,55.1
20065,India,1950,354332999680.0,1.354,59.749
20066,India,1951,362445012992.0,1.658,62.364000000000004
20067,India,1952,373116010496.0,1.834,65.592
20068,India,1953,396813008896.0,1.958,66.747
20069,India,1954,413406003200.0,2.281,70.133
20070,India,1955,423653998592.0,2.326,76.462
20071,India,1956,447916998656.0,2.554,79.102
20072,India,1957,443355987968.0,2.903,88.732
20073,India,1958,476938010624.0,3.154,92.662
20074,India,1959,486917996544.0,3.537,97.91
20075,India,1960,520800010240.0,4.002,107.32300000000001
20076,India,1961,536351997952.0,4.205,116.19900000000001
20077,India,1962,548431986688.0,4.381,128.156
20078,India,1963,576287997952.0,4.771,137.537
20079,India,1964,620466012160.0,4.944,134.06799999999998
20080,India,1965,596064993280.0,5.398,147.55300000000003
20081,India,1966,601424986112.0,5.57,152.971
20082,India,1967,650715987968.0,5.821,152.281
20083,India,1968,668219998208.0,5.872,166.827
20084,India,1969,712563032064.0,6.438,169.715
20085,India,1970,748744015872.0,6.495,173.806
20086,India,1971,755656032256.0,7.052,183.494
20087,India,1972,753543020544.0,7.363,194.46
20088,India,1973,788800012288.0,6.921,200.727
20089,India,1974,796992012288.0,6.501,207.626
20090,India,1975,868009967616.0,7.288,224.909
20091,India,1976,878540029952.0,8.279,234.65200000000002
20092,India,1977,947196002304.0,8.322,248.548
20093,India,1978,997920014336.0,8.421,252.74699999999999
20094,India,1979,947528007680.0,7.752,266.316
20095,India,1980,1015104995328.0,7.545,283.001
20096,India,1981,1077444018176.0,8.888,302.90200000000004
20097,India,1982,1111560028160.0,9.676,311.89
20098,India,1983,1202349015040.0,10.951,336.932
20099,India,1984,1248909983744.0,12.593,343.76800000000003
20100,India,1985,1298600034304.0,14.39,377.24899999999997
20101,India,1986,1353105014784.0,16.006,405.338
20102,India,1987,1412883939328.0,16.412,432.303
20103,India,1988,1560089985024.0,18.229,465.99300000000005
20104,India,1989,1663727960064.0,20.791,508.85699999999997
20105,India,1990,1750992945152.0,22.348,545.778
20106,India,1991,1762411544576.0,24.503,583.029
20107,India,1992,1842360483840.0,25.156,626.725
20108,India,1993,1931870470144.0,26.602,646.996
20109,India,1994,2039524753408.0,28.54,683.672
20110,India,1995,2171040956416.0,31.104,727.0550000000001
20111,India,1996,2323733020672.0,34.079,787.405
20112,India,1997,2403114156032.0,37.418,817.948
20113,India,1998,2541494206464.0,39.026,834.6120000000001
20114,India,1999,2681321029632.0,44.592,903.82
20115,India,2000,2773211152384.0,45.957,929.596
20116,India,2001,2906877853696.0,46.74,942.3729999999999
20117,India,2002,2989575634944.0,49.111,970.951
20118,India,2003,3212953780224.0,50.88,1006.4929999999999
20119,India,2004,3454210932736.0,55.545,1067.787
20120,India,2005,3709371154432.0,59.687,1124.284
20121,India,2006,4024058511360.0,64.905,1225.838
20122,India,2007,4355554279424.0,68.333,1322.33
20123,India,2008,4601841975296.0,73.245,1414.305
20124,India,2009,4945730863104.0,81.268,1529.07
20125,India,2010,5314516615168.0,86.029,1589.604
20126,India,2011,5675666636800.0,91.314,1670.749
20127,India,2012,5949387964416.0,100.237,1821.871
20128,India,2013,6320315957248.0,107.82,1884.0120000000002
20129,India,2014,6754740994048.0,115.825,2028.989
20130,India,2015,7259602550784.0,117.508,2112.575
20131,India,2016,7767449403392.0,123.281,2227.62
20132,India,2017,8275647004672.0,121.047,2302.7360000000003
20133,India,2018,8835757506560.0,138.965,2451.603
20134,India,2019,9269471495276.168,143.664,2466.77
20135,India,2020,8733327275225.892,122.908,2295.838
20136,India,2021,10298213787146.312,149.033,2522.417
20137,India,2022,11168864160938.367,164.323,2662.398
45702,United States,1946,2103900897280.0,14.653,2238.879
45703,United States,1947,2070709141504.0,16.647,2464.6589999999997
45704,United States,1948,2168923226112.0,18.417,2559.2999999999997
45705,United States,1949,2126235566080.0,18.788,2141.893
45706,United States,1950,2320610099200.0,20.125,2473.252
45707,United States,1951,2497407877120.0,22.041,2548.47
45708,United States,1952,2590801657856.0,22.256,2477.9269999999997
45709,United States,1953,2709832597504.0,23.521,2539.3759999999997
45710,United States,1954,2691885432832.0,24.131,2420.658
45711,United States,1955,2882221375488.0,26.584,2653.315
45712,United States,1956,2938405388288.0,28.39,2778.034
45713,United States,1957,2993553408000.0,27.006,2758.388
45714,United States,1958,2963550502912.0,27.758,2679.0910000000003
45715,United States,1959,3183156920320.0,30.234,2762.645
45716,United States,1960,3262376312832.0,28.798,2829.6200000000003
45717,United States,1961,3338583932928.0,28.699,2821.174
45718,United States,1962,3539745112064.0,29.878,2931.933
45719,United States,1963,3692868403200.0,31.435,3064.719
45720,United States,1964,3906859958272.0,33.026,3202.168
45721,United States,1965,4156141076480.0,33.295,3337.915
45722,United States,1966,4428300025856.0,34.573,3504.586
45723,United States,1967,4538979319808.0,33.594,3633.527
45724,United States,1968,4754925682688.0,35.32,3765.3869999999997
45725,United States,1969,4903769997312.0,35.697,3957.71
45726,United States,1970,4912635707392.0,34.924,4265.384
45727,United States,1971,5065682190336.0,35.51,4301.638
45728,United States,1972,5334296952832.0,36.523,4509.688
45729,United States,1973,5637203296256.0,36.917,4720.915999999999
45730,United States,1974,5621366128640.0,36.806,4561.017
45731,United States,1975,5605795299328.0,30.463,4427.937
45732,United States,1976,5899591090176.0,32.37,4694.612
45733,United States,1977,6166912434176.0,33.979,4835.148
45734,United States,1978,6518624223232.0,35.616,4884.114
45735,United States,1979,6740172079104.0,35.94,4949.898
45736,United States,1980,6743208230912.0,32.922,4756.328
45737,United States,1981,6911865389056.0,31.962,4636.683
45738,United States,1982,6782206869504.0,28.441,4404.478
45739,United States,1983,7066236747776.0,30.44,4383.992
45740,United States,1984,7581108011008.0,32.915,4612.907999999999
45741,United States,1985,7874871820288.0,31.708,4605.409
45742,United States,1986,8146027806720.0,32.854,4615.724
45743,United States,1987,8432566927360.0,32.976,4775.615
45744,United States,1988,8787203194880.0,33.248,4998.282999999999
45745,United States,1989,9091291283456.0,33.264,5079.9039999999995
45746,United States,1990,9250378088448.0,33.484,5016.584
45747,United States,1991,9243499429888.0,32.736,4960.564
45748,United States,1992,9572148314112.0,32.993,5072.06
45749,United States,1993,9834941382656.0,34.838,5170.477
45750,United States,1994,10232022433792.0,36.31,5258.892
45751,United States,1995,10510263123968.0,37.075,5317.817
45752,United States,1996,10909166600192.0,37.309,5505.4529999999995
45753,United States,1997,11398757220352.0,38.561,5579.217
45754,United States,1998,11906028929024.0,39.461,5624.849
45755,United States,1999,12463818932224.0,40.239,5694.755999999999
45756,United States,2000,12973842104320.0,41.445,5902.819
45757,United States,2001,13100471287808.0,41.613,5800.831
45758,United States,2002,13334491430912.0,43.164,5837.337000000001
45759,United States,2003,13708808945664.0,43.349,5902.483
45760,United States,2004,14227881328640.0,45.886,6000.094
45761,United States,2005,14703731408896.0,46.194,6017.794
45762,United States,2006,15095884152832.0,46.851,5935.378
45763,United States,2007,15364464312320.0,45.509,6014.796
45764,United States,2008,15319731011584.0,41.416,5803.213000000001
45765,United States,2009,14894294368256.0,29.615,5384.401
45766,United States,2010,15270622003200.0,31.449,5574.023
45767,United States,2011,15509302018048.0,32.208,5436.405000000001
45768,United States,2012,15849635184640.0,35.27,5226.588
45769,United States,2013,16108428984320.0,36.369,5355.517
45770,United States,2014,16482662612992.0,39.439,5393.734
45771,United States,2015,16902578503680.0,39.907,5240.957
45772,United States,2016,17162557194240.0,39.439,5129.777
45773,United States,2017,17596283879424.0,40.324,5084.549
45774,United States,2018,18140645818368.0,38.971,5242.0740000000005
45775,United States,2019,18889769269727.125,40.896,5108.136
45776,United States,2020,18606610149441.25,40.688,4581.719
45777,United States,2021,20598521313165.324,41.312,4902.77
45778,United States,2022,22475590478960.45,41.418,4927.755999999999
22290,Kenya,1950,6353788928.0,0.0,0.908
22291,Kenya,1951,7729593856.0,0.011,1.381
22292,Kenya,1952,6871281152.0,0.015,1.576
22293,Kenya,1953,6706084352.0,0.018,1.4949999999999999
22294,Kenya,1954,7485814272.0,0.036,1.663
22295,Kenya,1955,8046895104.0,0.065,1.9200000000000002
22296,Kenya,1956,8492809728.0,0.091,2.129
22297,Kenya,1957,8766820352.0,0.102,2.1799999999999997
22298,Kenya,1958,8876621824.0,0.109,1.9789999999999999
22299,Kenya,1959,9083654144.0,0.157,2.051
22300,Kenya,1960,9437449216.0,0.174,2.25
22301,Kenya,1961,9194278912.0,0.163,2.236
22302,Kenya,1962,9693947904.0,0.171,2.451
22303,Kenya,1963,10193268736.0,0.171,2.682
22304,Kenya,1964,11171001344.0,0.207,2.616
22305,Kenya,1965,11306227712.0,0.24,2.2239999999999998
22306,Kenya,1966,12763548672.0,0.24,2.439
22307,Kenya,1967,13422221312.0,0.236,2.462
22308,Kenya,1968,14387243008.0,0.269,2.5469999999999997
22309,Kenya,1969,15286659072.0,0.317,2.81
22310,Kenya,1970,16398391296.0,0.393,2.6860000000000004
22311,Kenya,1971,17449545728.0,0.393,3.286
22312,Kenya,1972,18356252672.0,0.396,3.4699999999999998
22313,Kenya,1973,19297255424.0,0.393,3.521
22314,Kenya,1974,20244865024.0,0.422,4.522
22315,Kenya,1975,20176988160.0,0.444,4.525
22316,Kenya,1976,20969009152.0,0.488,4.115
22317,Kenya,1977,22910638080.0,0.568,4.481999999999999
22318,Kenya,1978,24971966464.0,0.557,4.760000000000001
22319,Kenya,1979,25904605184.0,0.423,4.609999999999999
22320,Kenya,1980,27353659392.0,0.631,5.559
22321,Kenya,1981,27977959424.0,0.646,5.872999999999999
22322,Kenya,1982,29668751360.0,0.646,4.0409999999999995
22323,Kenya,1983,29852176384.0,0.635,4.02
22324,Kenya,1984,30366042112.0,0.577,3.737
22325,Kenya,1985,31697426432.0,0.42,3.3449999999999998
22326,Kenya,1986,33951055872.0,0.651,3.506
22327,Kenya,1987,35990433792.0,0.658,4.511
22328,Kenya,1988,38155534336.0,0.618,4.166
22329,Kenya,1989,39859834880.0,0.604,4.5840000000000005
22330,Kenya,1990,41570971648.0,0.752,5.067
22331,Kenya,1991,42852790272.0,0.709,4.126
22332,Kenya,1992,43098116096.0,0.751,4.785
22333,Kenya,1993,43754835968.0,0.706,5.636
22334,Kenya,1994,45663588352.0,0.724,5.829
22335,Kenya,1995,48490934272.0,0.781,6.768
22336,Kenya,1996,51489488896.0,0.876,8.416
22337,Kenya,1997,52761223168.0,0.702,7.507
22338,Kenya,1998,55518261248.0,0.642,9.318
22339,Kenya,1999,57993138176.0,0.625,9.446000000000002
22340,Kenya,2000,59408908288.0,0.571,9.838000000000001
22341,Kenya,2001,62956466176.0,0.572,8.706
22342,Kenya,2002,64478130176.0,0.658,7.2330000000000005
22343,Kenya,2003,67617075200.0,0.773,5.924
22344,Kenya,2004,72070029312.0,0.863,6.726999999999999
22345,Kenya,2005,77598875648.0,1.058,7.497
22346,Kenya,2006,83653541888.0,1.083,8.482
22347,Kenya,2007,91061403648.0,1.269,8.556000000000001
22348,Kenya,2008,92973744128.0,1.41,8.823
22349,Kenya,2009,97797562368.0,1.655,10.687
22350,Kenya,2010,108091064320.0,1.849,10.315000000000001
22351,Kenya,2011,117165826048.0,2.232,11.216000000000001
22352,Kenya,2012,122978803712.0,2.312,10.194
22353,Kenya,2013,130279317504.0,2.522,10.936
22354,Kenya,2014,137740222464.0,2.921,11.611
22355,Kenya,2015,146192515072.0,3.159,13.838999999999999
22356,Kenya,2016,155624144896.0,3.343,14.791
22357,Kenya,2017,163192143872.0,3.105,14.604
22358,Kenya,2018,173505904640.0,3.005,15.833
22359,Kenya,2019,188890330695.25208,2.974,16.825
22360,Kenya,2020,189415478727.92523,3.692,18.291
22361,Kenya,2021,206438366565.4456,4.609,19.848
22362,Kenya,2022,213431725595.8327,4.861,19.99
40375,South Africa,1950,54940790784.0,0.912,60.119
40376,South Africa,1951,57515675648.0,0.967,64.175
40377,South Africa,1952,59556102144.0,0.999,69.884
40378,South Africa,1953,62355161088.0,1.05,69.946
40379,South Africa,1954,66022801408.0,1.068,72.82900000000001
40380,South Africa,1955,69327536128.0,1.156,81.78
40381,South Africa,1956,73183059968.0,1.225,86.038
40382,South Africa,1957,75976884224.0,1.25,88.402
40383,South Africa,1958,77574438912.0,1.345,94.909
40384,South Africa,1959,81038573568.0,1.308,93.164
40385,South Africa,1960,84418519040.0,1.337,96.506
40386,South Africa,1961,88081186816.0,1.283,100.836
40387,South Africa,1962,93013180416.0,1.316,104.354
40388,South Africa,1963,99827408896.0,1.425,108.301
40389,South Africa,1964,106518454272.0,1.708,117.83800000000001
40390,South Africa,1965,112882728960.0,1.919,126.22099999999999
40391,South Africa,1966,117778087936.0,1.97,126.265
40392,South Africa,1967,125836943360.0,1.981,131.779
40393,South Africa,1968,131293347840.0,2.181,135.773
40394,South Africa,1969,139369758720.0,2.522,140.62
40395,South Africa,1970,146627018752.0,2.842,146.776
40396,South Africa,1971,153821282304.0,2.89,165.514
40397,South Africa,1972,156779560960.0,3.013,168.54
40398,South Africa,1973,163375546368.0,3.379,169.97299999999998
40399,South Africa,1974,172551372800.0,3.592,172.952
40400,South Africa,1975,175749496832.0,3.527,181.47400000000002
40401,South Africa,1976,180034633728.0,3.462,189.44299999999998
40402,South Africa,1977,179681542144.0,3.223,196.511
40403,South Africa,1978,185013862400.0,3.342,198.53300000000002
40404,South Africa,1979,192300236800.0,3.374,215.293
40405,South Africa,1980,204702613504.0,3.518,224.68
40406,South Africa,1981,215434543104.0,3.952,253.124
40407,South Africa,1982,214585933824.0,3.904,276.529
40408,South Africa,1983,210671517696.0,3.846,288.056
40409,South Africa,1984,221387587584.0,3.981,311.61199999999997
40410,South Africa,1985,218712375296.0,3.419,320.443
40411,South Africa,1986,218892222464.0,3.258,327.23900000000003
40412,South Africa,1987,223307087872.0,3.265,325.4
40413,South Africa,1988,232506867712.0,4.108,338.546
40414,South Africa,1989,237353615360.0,3.883,336.828
40415,South Africa,1990,235128504320.0,3.773,309.15700000000004
40416,South Africa,1991,237173669888.0,3.584,322.44300000000004
40417,South Africa,1992,236546768896.0,3.387,297.938
40418,South Africa,1993,244041351168.0,3.541,316.803
40419,South Africa,1994,256732102656.0,3.801,334.772
40420,South Africa,1995,269822885888.0,4.357,357.22099999999995
40421,South Africa,1996,286805360640.0,4.318,359.292
40422,South Africa,1997,300044517376.0,4.324,380.69399999999996
40423,South Africa,1998,307359744000.0,3.952,373.064
40424,South Africa,1999,320626884608.0,3.777,370.91
40425,South Africa,2000,340328906752.0,3.672,374.384
40426,South Africa,2001,356322443264.0,3.636,367.734
40427,South Africa,2002,376468996096.0,4.205,352.09900000000005
40428,South Africa,2003,394999857152.0,4.458,399.659
40429,South Africa,2004,420863967232.0,4.335,444.688
40430,South Africa,2005,451561291776.0,5.068,410.863
40431,South Africa,2006,485980667904.0,5.333,441.22299999999996
40432,South Africa,2007,521805725696.0,5.491,459.396
40433,South Africa,2008,548744658944.0,5.343,489.65700000000004
40434,South Africa,2009,550669123584.0,5.571,474.83299999999997
40435,South Africa,2010,578235138048.0,5.045,457.762
40436,South Africa,2011,608683556864.0,4.638,461.136
40437,South Africa,2012,622114308096.0,4.633,454.24800000000005
40438,South Africa,2013,637619470336.0,4.893,453.685
40439,South Africa,2014,648455192576.0,4.911,466.904
40440,South Africa,2015,656850354176.0,5.419,440.75800000000004
40441,South Africa,2016,658694340608.0,5.691,451.24
40442,South Africa,2017,668014870528.0,5.481,433.869
40443,South Africa,2018,673272168448.0,5.466,429.71400000000006
40444,South Africa,2019,646806017907.3833,5.453,459.934
40445,South Africa,2020,562013953836.5583,5.071,429.70300000000003
40446,South Africa,2021,697954708968.8705,5.282,420.29299999999995
40447,South Africa,2022,673288991427.922,5.282,398.734
41433,Sri Lanka,1950,15043594240.0,0.0,1.627
41434,Sri Lanka,1951,15983182848.0,0.033,1.513
41435,Sri Lanka,1952,16718630912.0,0.029,1.909
41436,Sri Lanka,1953,17044013056.0,0.033,2.033
41437,Sri Lanka,1954,17496870912.0,0.04,1.744
41438,Sri Lanka,1955,18526443520.0,0.036,1.627
41439,Sri Lanka,1956,18645467136.0,0.044,1.374
41440,Sri Lanka,1957,18914553856.0,0.025,2.293
41441,Sri Lanka,1958,19470209024.0,0.04,1.909
41442,Sri Lanka,1959,19741876224.0,0.047,2.008
41443,Sri Lanka,1960,20461441024.0,0.044,2.213
41444,Sri Lanka,1961,20890710016.0,0.04,2.294
41445,Sri Lanka,1962,21631954944.0,0.044,2.5170000000000003
41446,Sri Lanka,1963,22093111296.0,0.036,2.495
41447,Sri Lanka,1964,23134775296.0,0.036,2.235
41448,Sri Lanka,1965,23850108928.0,0.044,2.612
41449,Sri Lanka,1966,23609036800.0,0.04,2.619
41450,Sri Lanka,1967,25750589440.0,0.094,2.851
41451,Sri Lanka,1968,27687378944.0,0.109,3.129
41452,Sri Lanka,1969,28778194944.0,0.138,4.1770000000000005
41453,Sri Lanka,1970,30146121728.0,0.16,3.434
41454,Sri Lanka,1971,29882785792.0,0.189,3.005
41455,Sri Lanka,1972,30521860096.0,0.189,3.349
41456,Sri Lanka,1973,31750252544.0,0.207,3.477
41457,Sri Lanka,1974,32792926208.0,0.232,2.6969999999999996
41458,Sri Lanka,1975,33538555904.0,0.193,2.7
41459,Sri Lanka,1976,34528292864.0,0.208,2.5900000000000003
41460,Sri Lanka,1977,36792483840.0,0.17,2.741
41461,Sri Lanka,1978,39092871168.0,0.274,3.162
41462,Sri Lanka,1979,41652559872.0,0.281,3.529
41463,Sri Lanka,1980,43918266368.0,0.267,3.122
41464,Sri Lanka,1981,46696931328.0,0.294,3.712
41465,Sri Lanka,1982,49078292480.0,0.294,4.173
41466,Sri Lanka,1983,51583627264.0,0.227,4.628
41467,Sri Lanka,1984,54113816576.0,0.221,3.6310000000000002
41468,Sri Lanka,1985,56399376384.0,0.26,3.656
41469,Sri Lanka,1986,59240607744.0,0.256,3.404
41470,Sri Lanka,1987,59820584960.0,0.253,3.774
41471,Sri Lanka,1988,61408886784.0,0.166,3.29
41472,Sri Lanka,1989,63032209408.0,0.164,3.283
41473,Sri Lanka,1990,67098669056.0,0.163,3.668
41474,Sri Lanka,1991,74080436224.0,0.163,3.975
41475,Sri Lanka,1992,71480508416.0,0.332,4.7749999999999995
41476,Sri Lanka,1993,76299010048.0,0.275,4.701
41477,Sri Lanka,1994,81620721664.0,0.375,5.06
41478,Sri Lanka,1995,85976457216.0,0.362,5.452
41479,Sri Lanka,1996,95501516800.0,0.376,6.595
41480,Sri Lanka,1997,104208875520.0,0.39,7.13
41481,Sri Lanka,1998,101234851840.0,0.353,7.382999999999999
41482,Sri Lanka,1999,102672506880.0,0.394,8.123
41483,Sri Lanka,2000,109929504768.0,0.406,9.728
41484,Sri Lanka,2001,106524524544.0,0.445,9.882
41485,Sri Lanka,2002,109263151104.0,0.407,10.542
41486,Sri Lanka,2003,114821947392.0,0.463,10.49
41487,Sri Lanka,2004,120199782400.0,0.554,11.593
41488,Sri Lanka,2005,126997200896.0,0.591,11.344
41489,Sri Lanka,2006,136077287424.0,0.625,11.168000000000001
41490,Sri Lanka,2007,144588128256.0,0.654,11.497
41491,Sri Lanka,2008,152344330240.0,0.688,11.3
41492,Sri Lanka,2009,156834529280.0,0.725,12.22
41493,Sri Lanka,2010,168381513728.0,0.663,12.388
41494,Sri Lanka,2011,181535899648.0,0.75,14.136
41495,Sri Lanka,2012,198073286656.0,0.779,15.018
41496,Sri Lanka,2013,204781568000.0,0.738,13.773
41497,Sri Lanka,2014,215248519168.0,0.719,16.7
41498,Sri Lanka,2015,226113847296.0,0.873,18.814999999999998
41499,Sri Lanka,2016,236870762496.0,1.028,21.958000000000002
41500,Sri Lanka,2017,245345992704.0,1.076,21.797
41501,Sri Lanka,2018,253457137664.0,1.084,19.012999999999998
41502,Sri Lanka,2019,238761322122.03082,1.296,19.936
41503,Sri Lanka,2020,226491425734.50827,1.011,19.613
41504,Sri Lanka,2021,237508896512.2116,1.504,18.616
41505,Sri Lanka,2022,199569747374.24496,1.504,15.823
29453,Myanmar,1950,12296711168.0,0.0,0.802
29454,Myanmar,1951,14069449728.0,0.007,0.909
29455,Myanmar,1952,14386939904.0,0.022,1.11
29456,Myanmar,1953,14772086784.0,0.022,1.2819999999999998
29457,Myanmar,1954,13842403328.0,0.029,1.4319999999999997
29458,Myanmar,1955,15661146112.0,0.029,1.392
29459,Myanmar,1956,16703266816.0,0.018,1.639
29460,Myanmar,1957,17669511168.0,0.018,2.081
29461,Myanmar,1958,17186248704.0,0.018,2.392
29462,Myanmar,1959,19875870720.0,0.018,2.7590000000000003
29463,Myanmar,1960,20532299776.0,0.022,2.693
29464,Myanmar,1961,21001740288.0,0.018,2.572
29465,Myanmar,1962,22834237440.0,0.025,2.854
29466,Myanmar,1963,23503929344.0,0.062,2.572
29467,Myanmar,1964,23902437376.0,0.065,2.792
29468,Myanmar,1965,24513335296.0,0.065,2.66
29469,Myanmar,1966,23494006784.0,0.069,2.737
29470,Myanmar,1967,24167890944.0,0.065,3.5510000000000006
29471,Myanmar,1968,25735239680.0,0.087,2.84
29472,Myanmar,1969,26819960832.0,0.091,3.121
29473,Myanmar,1970,28023011328.0,0.084,4.214
29474,Myanmar,1971,28931649536.0,0.098,4.66
29475,Myanmar,1972,29129007104.0,0.098,4.3790000000000004
29476,Myanmar,1973,29264168960.0,0.094,3.554
29477,Myanmar,1974,30781976576.0,0.084,4.192
29478,Myanmar,1975,32064124928.0,0.091,4.191
29479,Myanmar,1976,34051362816.0,0.115,4.54
29480,Myanmar,1977,36056281088.0,0.131,4.613
29481,Myanmar,1978,38395412480.0,0.123,4.624
29482,Myanmar,1979,40182624256.0,0.184,4.463
29483,Myanmar,1980,43641085952.0,0.181,4.836
29484,Myanmar,1981,46093434880.0,0.145,5.4190000000000005
29485,Myanmar,1982,48612245504.0,0.157,5.338
29486,Myanmar,1983,50756362240.0,0.152,5.507
29487,Myanmar,1984,53220601856.0,0.137,6.327
29488,Myanmar,1985,54736506880.0,0.209,6.393999999999999
29489,Myanmar,1986,54201446400.0,0.187,6.471
29490,Myanmar,1987,51998273536.0,0.166,4.678999999999999
29491,Myanmar,1988,46103011328.0,0.148,3.9210000000000003
29492,Myanmar,1989,47782109184.0,0.164,4.25
29493,Myanmar,1990,49171472384.0,0.169,4.06
29494,Myanmar,1991,48063922176.0,0.18,3.9490000000000003
29495,Myanmar,1992,51891175424.0,0.189,4.643000000000001
29496,Myanmar,1993,54198382592.0,0.162,5.125
29497,Myanmar,1994,57338249216.0,0.191,5.9830000000000005
29498,Myanmar,1995,60452843520.0,0.209,6.683
29499,Myanmar,1996,63378620416.0,0.204,6.983
29500,Myanmar,1997,65935163392.0,0.209,7.21
29501,Myanmar,1998,68698886144.0,0.147,7.878
29502,Myanmar,1999,75075469312.0,0.136,8.768
29503,Myanmar,2000,84093542400.0,0.158,10.01
29504,Myanmar,2001,92175081472.0,0.152,8.658
29505,Myanmar,2002,101591490560.0,0.188,9.08
29506,Myanmar,2003,113781440512.0,0.227,9.709
29507,Myanmar,2004,127115616256.0,0.206,12.296
29508,Myanmar,2005,142039121920.0,0.214,11.295
29509,Myanmar,2006,158028611584.0,0.223,12.541
29510,Myanmar,2007,174123352064.0,0.234,12.55
29511,Myanmar,2008,177512906752.0,0.258,9.461
29512,Myanmar,2009,183291527168.0,0.256,9.897
29513,Myanmar,2010,189724114944.0,0.204,12.864
29514,Myanmar,2011,197359075328.0,0.203,14.824
29515,Myanmar,2012,211845251072.0,0.348,11.337
29516,Myanmar,2013,229512151040.0,0.429,12.135
29517,Myanmar,2014,247629414400.0,0.503,15.213000000000001
29518,Myanmar,2015,265615310848.0,0.377,21.401
29519,Myanmar,2016,282251788288.0,0.962,20.097
29520,Myanmar,2017,298481287168.0,2.091,21.472
29521,Myanmar,2018,317599023104.0,1.717,32.254000000000005
29522,Myanmar,2019,351374387216.3502,1.946,31.627000000000002
29523,Myanmar,2020,369973073604.91974,2.29,32.272
29524,Myanmar,2021,310142843322.39465,2.557,33.022999999999996
29525,Myanmar,2022,291423915777.62537,2.557,32.341
9050,China,1950,436905181184.0,0.587,78.249
9051,China,1951,529605984256.0,1.036,101.078
9052,China,1952,595648774144.0,1.203,126.796
9053,China,1953,672668254208.0,1.615,132.16799999999998
9054,China,1954,624480157696.0,1.915,158.96200000000002
9055,China,1955,681084977152.0,1.873,188.648
9056,China,1956,738921873408.0,2.66,213.165
9057,China,1957,761702580224.0,2.855,252.93
9058,China,1958,766244683776.0,3.871,520.747
9059,China,1959,743927578624.0,5.107,715.044
9060,China,1960,705092976640.0,6.514,773.361
9061,China,1961,577128431616.0,2.585,547.629
9062,China,1962,616503050240.0,2.497,436.012
9063,China,1963,705534361600.0,3.355,431.356
9064,China,1964,804504928256.0,5.032,431.33299999999997
9065,China,1965,896126812160.0,6.801,470.10200000000003
9066,China,1966,927339380736.0,8.387,516.88
9067,China,1967,933378326528.0,6.085,428.897
9068,China,1968,912372793344.0,5.253,464.057
9069,China,1969,1006175584256.0,7.613,571.7860000000001
9070,China,1970,1144004411392.0,10.718,766.014
9071,China,1971,1216237797376.0,13.124,863.689
9072,China,1972,1233564991488.0,14.717,918.3309999999999
9073,China,1973,1334375219200.0,15.456,954.0279999999999
9074,China,1974,1367631593472.0,15.34,973.114
9075,China,1975,1460733607936.0,19.102,1127.801
9076,China,1976,1413710479360.0,19.253,1168.743
9077,China,1977,1493489287168.0,22.906,1279.3300000000002
9078,China,1978,1667551723520.0,26.81,1425.725
9079,China,1979,1801380298752.0,30.32,1453.7510000000002
9080,China,1980,1893783568384.0,32.712,1423.185
9081,China,1981,1949955260416.0,33.903,1405.767
9082,China,1982,2128598007808.0,38.87,1529.566
9083,China,1983,2278862356480.0,44.126,1609.053
9084,China,1984,2534000295936.0,50.066,1749.875
9085,China,1985,2752673742848.0,59.301,1893.925
9086,China,1986,2931539050496.0,67.362,1986.8110000000001
9087,China,1987,3177306652672.0,75.429,2118.393
9088,China,1988,3354463305728.0,84.961,2263.139
9089,China,1989,3380560265216.0,84.886,2303.5009999999997
9090,China,1990,3385121570816.0,84.513,2336.276
9091,China,1991,3508947910656.0,101.305,2436.725
9092,China,1992,3755037425664.0,122.445,2530.7470000000003
9093,China,1993,4126169628672.0,142.774,2693.022
9094,China,1994,4438753280000.0,164.377,2845.866
9095,China,1995,4810000039936.0,184.637,3080.42
9096,China,1996,5127589593088.0,192.853,3215.4929999999995
9097,China,1997,5291338891264.0,202.874,3211.676
9098,China,1998,5338703069184.0,211.369,3054.5340000000006
9099,China,1999,5578502963200.0,228.322,3232.3150000000005
9100,China,2000,5952682590208.0,244.388,3310.219
9101,China,2001,6329737412608.0,270.828,3364.112
9102,China,2002,6814493573120.0,282.688,3725.713
9103,China,2003,7248622387200.0,353.679,4389.556
9104,China,2004,7830953263104.0,368.396,4745.902
9105,China,2005,8602940080128.0,411.649,5359.52
9106,China,2006,9489543593984.0,470.087,5907.660999999999
9107,China,2007,10358205972480.0,514.981,6346.77
9108,China,2008,10799147909120.0,525.924,6849.265
9109,China,2009,11572544012288.0,583.56,7175.252
9110,China,2010,12858808074240.0,639.592,7860.95
9111,China,2011,13673158410240.0,708.564,8679.635
9112,China,2012,14358127050752.0,714.782,8919.117
9113,China,2013,15304425996288.0,748.323,9048.203
9114,China,2014,16220856254464.0,778.627,9050.894
9115,China,2015,16710945996800.0,721.995,8975.836
9116,China,2016,17255473610752.0,743.044,8850.968
9117,China,2017,17575081672704.0,758.185,9080.264000000001
9118,China,2018,18151620214784.0,786.745,9392.243
9119,China,2019,18654644395971.35,826.876,9713.069000000001
9120,China,2020,19187342340165.098,858.233,9879.071
9121,China,2021,23279766686117.91,851.974,10307.908000000001
9122,China,2022,23466198543920.793,763.365,10457.195000000002
